timetweet,favcount,retwcount,id,name,text_clean,text_preprocessed,polarity_score,polarity
2022-11-29 11:40:17,0,1033,1597556048956911616,Hazirahhadi1,alakri saya tak pandai ulas tapi saya cuaxexxannsaya merasa terharu kerana tidak menyangka samutan masyarakat dunia yang hadir kexexxa,"['alakri', 'pandai', 'ulas', 'cuaxexxannsaya', 'haru', 'rana', 'sangka', 'samutan', 'masyarakat', 'dunia', 'hadir', 'kexexxa']",2,positive
2022-11-29 11:40:00,0,0,1597555975304761347,Bolanet,profil tim dan daftar pemain timnas qatar di piala dunia,"['profil', 'tim', 'daftar', 'main', 'timnas', 'qatar', 'piala', 'dunia']",-7,negative
2022-11-29 11:39:58,0,213,1597555966098411521,skycasthe_,xexcxa rekomendasi dress wanita xexcxanna threadnnxexxa tag  rans entertaiment rafi ahmad ronaldo piala dunia shopeeku cxexxa,"['xexcxa', 'rekomendasi', 'dress', 'wanita', 'xexcxanna', 'threadnnxexxa', 'tag', 'rans', 'entertaiment', 'rafi', 'ahmad', 'ronaldo', 'piala', 'dunia', 'shopeeku', 'cxexxa']",2,positive
2022-11-29 11:39:47,0,0,1597555921412313088,woroinoy,instagram kapten timnas korsel dianjiri komentar keencian usai kalah dari ghana di piala dunia    n,"['instagram', 'kapten', 'timnas', 'korsel', 'anjir', 'komentar', 'keencian', 'kalah', 'ghana', 'piala', 'dunia', 'n']",-7,negative
2022-11-29 11:39:33,0,122,1597555864311066627,xleanxyz,xexaxd give awayxexaxdnhadiah r untuk  org masingxcx rnnteak skor piala dunianxfxfxxaexfxfxx iran vs usa xfxfxxaxfxfxxnn follow etakopitesn folxexxa,"['xexaxd', 'give', 'awayxexaxdnhadiah', 'r', 'org', 'masingxcx', 'rnnteak', 'skor', 'piala', 'dunianxfxfxxaexfxfxx', 'iran', 'vs', 'usa', 'xfxfxxaxfxfxxnn', 'follow', 'etakopitesn', 'folxexxa']",0,neutral
2022-11-29 11:39:24,0,1,1597555823886348288,Ic8558730Indah,situs nonton piala dunia qatar  live streaming gratis teraiknlink xfxfxx  gratis tanpa dixexxa,"['situs', 'nonton', 'piala', 'dunia', 'qatar', 'live', 'streaming', 'gratis', 'teraiknlink', 'xfxfxx', 'gratis', 'dixexxa']",10,positive
2022-11-29 11:39:11,0,0,1597555769943396352,awbagsdie08,udah mulai masuk tahuntahun apek orolan di kantor atau makan siang nih gegara ngorolin politik udah gw elokin ngorolin ola piala dunia eh alik lagi ngorolin pdipnnhadehhhhh,"['udah', 'masuk', 'tahuntahun', 'apek', 'orolan', 'kantor', 'makan', 'siang', 'nih', 'gegara', 'ngorolin', 'politik', 'udah', 'gw', 'elokin', 'ngorolin', 'ola', 'piala', 'dunia', 'eh', 'alik', 'ngorolin', 'pdipnnhadehhhhh']",-12,negative
2022-11-29 11:39:09,0,2,1597555760283914241,bjorwi_ngaciro,ronaldo jadi orang pertama yg mencetak goal di  piala dunia yg ereda,"['ronaldo', 'orang', 'yg', 'cetak', 'goal', 'piala', 'dunia', 'yg', 'ereda']",-1,negative
2022-11-29 11:39:08,0,0,1597555756710100994,redaksidetail,saat ini timnas ekuador erada di urutan kedua klasemen sementara grup a dan mengemas  poin sementara senegal ada di urutan ketiga dengan koleksi  poin,"['timnas', 'ekuador', 'erada', 'urut', 'klasemen', 'grup', 'a', 'emas', 'poin', 'senegal', 'urut', 'tiga', 'koleksi', 'poin']",1,positive
2022-11-29 11:38:58,0,6,1597555716658589698,kenawhykamu,fifa ketat anget ngasih aturan trademark soal pildun ini jangankan nulis lengkap cuma sekedar kata piala dunia ajaxexxa,"['fifa', 'ketat', 'anget', 'ngasih', 'atur', 'trademark', 'pildun', 'nulis', 'lengkap', 'dar', 'piala', 'dunia', 'ajaxexxa']",-4,negative
2022-11-29 11:38:54,0,0,1597555698673807361,Doneh,pitch invander ada dimana selevel piala dunia pun ada ahkan menyuarakan hal yg tidak erkaitan dengan sepakola itu sendiri egitulah sepakola yg dalam sejarahnya juga kerap dipakai untuk menyampaikan pesan sampe propaganda,"['pitch', 'invander', 'mana', 'level', 'piala', 'dunia', 'ahkan', 'suara', 'yg', 'erkaitan', 'sepakola', 'egitulah', 'sepakola', 'yg', 'sejarah', 'kerap', 'pakai', 'pesan', 'sampe', 'propaganda']",-1,negative
2022-11-29 11:38:41,0,0,1597555645846556673,idntimes,pemain liverpool yang mampu raih trofi piala dunia,"['main', 'liverpool', 'raih', 'trofi', 'piala', 'dunia']",1,positive
2022-11-29 11:38:37,0,86,1597555626149699585,mnaufalas,saewad kenapa anda menolak menggunakan an kapten lgtnncr  nsaya mengikuti aturan qatar seagai tuan rumah piala dunia xexxa,"['saewad', 'tolak', 'an', 'kapten', 'lgtnncr', 'nsaya', 'ikut', 'atur', 'qatar', 'aga', 'tuan', 'rumah', 'piala', 'dunia', 'xexxa']",-5,negative
2022-11-29 11:38:34,1,0,1597555614221496320,gilabolacom,kontroversi gol cristiano ronaldo atau runo fernandes gol siapa seenarnya,"['kontroversi', 'gol', 'cristiano', 'ronaldo', 'runo', 'fernandes', 'gol', 'seenarnya']",2,positive
2022-11-29 11:38:19,0,14,1597555553857069061,sweetjen0,pumpkinpies xcx jersey ola piala dunia qatar  xcx nna thread,"['pumpkinpies', 'xcx', 'jersey', 'ola', 'piala', 'dunia', 'qatar', 'xcx', 'nna', 'thread']",-1,negative
2022-11-29 11:38:06,0,0,1597555499435962368,Shinoa_hiiragii,katanya piala dunia kali ini sepi dan gak asik sinting eti,"['piala', 'dunia', 'kali', 'sepi', 'gak', 'asik', 'sinting', 'eti']",-5,negative
2022-11-29 11:38:03,0,0,1597555486244708352,Jud303i,lo tau qatar tuan rumah apa ini kn piala qatar tp piala utk juara dunianjgn di potong cara mikirnya,"['lo', 'tau', 'qatar', 'tuan', 'rumah', 'kn', 'piala', 'qatar', 'tp', 'piala', 'utk', 'juara', 'dunianjgn', 'potong', 'mikirnya']",-3,negative
2022-11-29 11:37:59,0,0,1597555470331703297,JhonJhondri1,ola piala dunia qatar,"['ola', 'piala', 'dunia', 'qatar']",-1,negative
2022-11-29 11:37:55,0,127,1597555450421334017,horangheay,ayue xfxfxxalive streaming piala dunianxexaxdxefxxfworld cupnnekuador vs senegaln vs qatarn,"['ayue', 'xfxfxxalive', 'streaming', 'piala', 'dunianxexaxdxefxxfworld', 'cupnnekuador', 'vs', 'senegaln', 'vs', 'qatarn']",0,neutral
2022-11-29 11:37:54,0,2,1597555445782441985,kak_rafly,salah satu keindahan piala dunia di qatar adalah mereka memuat tempat sholat di stadion dari kaca di semua sisi sehixexxa,"['salah', 'indah', 'piala', 'dunia', 'qatar', 'muat', 'sholat', 'stadion', 'kaca', 'sisi', 'sehixexxa']",1,positive
2022-11-29 11:37:51,0,24,1597555433832853504,vncylntns,kosple jadi maskot piala dunia arap,"['kosple', 'maskot', 'piala', 'dunia', 'arap']",-1,negative
2022-11-29 11:37:46,0,12,1597555413435568128,muhdaimanmn,qatar  pentas dakwah masyarakat duniannpiala dunia adalah sinonim agi masyarakat dunia khusus untuk pengemar olaxexxa,"['qatar', 'pentas', 'dakwah', 'masyarakat', 'duniannpiala', 'dunia', 'sinonim', 'agi', 'masyarakat', 'dunia', 'khusus', 'mar', 'olaxexxa']",-2,negative
2022-11-29 11:37:35,0,0,1597555368871485441,happyriezky,mulai skrg piala dunia ga ada yg sore ya huft,"['skrg', 'piala', 'dunia', 'ga', 'yg', 'sore', 'ya', 'huft']",3,positive
2022-11-29 11:37:30,0,1,1597555346570035200,Arie71733194,nakula piala dunia  di qatar semuanya tentang ronaldo,"['nakula', 'piala', 'dunia', 'qatar', 'ronaldo']",-1,negative
2022-11-29 11:37:15,0,5,1597555282384932865,YuliusJbrjrc,negosiasi transfer jeremie frimpong ke manchester united akan dilangsungkan setelah piala dunia xfxfxxxfxfxxnnfrimpong sendiri sangaxexxa,"['negosiasi', 'transfer', 'jeremie', 'frimpong', 'manchester', 'united', 'langsung', 'piala', 'dunia', 'xfxfxxxfxfxxnnfrimpong', 'sangaxexxa']",4,positive
2022-11-29 11:37:01,1,0,1597555226382577664,belajarlagiHQ,contohnya kayak eerapa waktu lalu official account rand esar samat di twitter karena susahnya mengikuti trend piala dunia tanpa harus seut namanyanntapi agaimanapun inilah entuk peraturan yg seenarnya kita gaoleh pake atriut resmi tanpa seijin pemiliknya yaitu fifa,"['contoh', 'kayak', 'eerapa', 'official', 'account', 'rand', 'esar', 'samat', 'twitter', 'susah', 'ikut', 'trend', 'piala', 'dunia', 'seut', 'namanyanntapi', 'agaimanapun', 'entuk', 'atur', 'yg', 'seenarnya', 'gaoleh', 'pake', 'atriut', 'resmi', 'seijin', 'milik', 'fifa']",-7,negative
2022-11-29 11:36:52,0,0,1597555187056791552,helmiperkasa5,jadwal ola hari ini siaran langsung piala dunia  iran vs amerika serikat wales vs inggrisn n lewat,"['jadwal', 'ola', 'siar', 'langsung', 'piala', 'dunia', 'iran', 'vs', 'amerika', 'serikat', 'wales', 'vs', 'inggrisn', 'n']",2,positive
2022-11-29 11:36:46,0,51,1597555162671124481,zaimzaim2807,jadual perlawanan ke piala dunia  xfxfxxannxexfx  mlm  paginxfxfxxa astro supersport tv tv okeynn,"['jadual', 'lawan', 'piala', 'dunia', 'xfxfxxannxexfx', 'mlm', 'paginxfxfxxa', 'astro', 'supersport', 'tv', 'tv', 'okeynn']",-4,negative
2022-11-29 11:36:44,0,0,1597555153841684481,sukarja,orang masuk islam selama permulaan piala dunia  hoax atau faktan dan install aplikasi cek porsi haji di android anda,"['orang', 'masuk', 'islam', 'mula', 'piala', 'dunia', 'hoax', 'faktan', 'install', 'aplikasi', 'cek', 'porsi', 'haji', 'android']",-12,negative
2022-11-29 11:36:32,0,0,1597555104433213440,SaifulH19680141,keanyakan nonton piala dunia,"['anyak', 'nonton', 'piala', 'dunia']",-1,negative
2022-11-29 11:36:15,0,99,1597555032865804289,Arwilda_,cantiknya suporter wanita ara saudi saat nonton piala dunia  njila tak lagi waji tanpa paksaan lagi di negaranya rxexxa,"['cantik', 'suporter', 'wanita', 'ara', 'saudi', 'nonton', 'piala', 'dunia', 'njila', 'waji', 'paksa', 'negara', 'rxexxa']",-4,negative
2022-11-29 11:36:12,0,0,1597555018433196032,stillberries,nonton piala dunia,"['nonton', 'piala', 'dunia']",-1,negative
2022-11-29 11:35:55,0,0,1597554947415224320,pleskukii,xfxfxxfxefxxf vidioxfxfxxfxefxxfnnsharingn hari  n hari  n ulan  n ulan   anti limitnnprivaten ulan  nnpiala dunia  ulannprivate k moilenprivate k all devicennxexadxadxccxaxexxxefxdxatrusted fast proses full garansinnxfxfxx dana amp shopeepay,"['xfxfxxfxefxxf', 'vidioxfxfxxfxefxxfnnsharingn', 'n', 'n', 'ulan', 'n', 'ulan', 'anti', 'limitnnprivaten', 'ulan', 'nnpiala', 'dunia', 'ulannprivate', 'k', 'moilenprivate', 'k', 'all', 'devicennxexadxadxccxaxexxxefxdxatrusted', 'fast', 'proses', 'full', 'garansinnxfxfxx', 'dana', 'amp', 'shopeepay']",2,positive
2022-11-29 11:35:52,0,0,1597554935062724609,twit_olahraga,lagi on fire runo fernandes kunci utama portugal wujudkan target juara piala dunia,"['on', 'fire', 'runo', 'fernandes', 'kunci', 'utama', 'portugal', 'wujud', 'target', 'juara', 'piala', 'dunia']",4,positive
2022-11-29 11:35:41,0,0,1597554888011124737,detikcom,elanda dikritik elum main agus di piala dunia  louis van gaal ingatkan kalau elanda di awah polesannya tak terkalahkan di  laga eruntun,"['elanda', 'kritik', 'elum', 'main', 'agus', 'piala', 'dunia', 'louis', 'van', 'gaal', 'ingat', 'elanda', 'awah', 'poles', 'kalah', 'laga', 'eruntun']",-11,negative
2022-11-29 11:35:39,0,0,1597554879245029381,detiksport,di alik hijaunya rumput stadion piala dunia  qatar ada peran petani indonesia yang erhasil menyulap padang pasir yang tandus menjadi tamantaman hijau saprudin astomi dipercaya mempersiapkan keindahan stadionstadion di qatar yang dipakai untuk,"['alik', 'hijau', 'rumput', 'stadion', 'piala', 'dunia', 'qatar', 'peran', 'tani', 'indonesia', 'erhasil', 'sulap', 'padang', 'pasir', 'tandus', 'tamantaman', 'hijau', 'saprudin', 'astomi', 'percaya', 'indah', 'stadionstadion', 'qatar', 'pakai']",11,positive
2022-11-29 11:35:35,0,0,1597554865114611712,jamindependent,ini daftar promo restoran dan kafe spesial piala dunia  ayoo seru,"['daftar', 'promo', 'restoran', 'kafe', 'spesial', 'piala', 'dunia', 'ayoo', 'seru']",-4,negative
2022-11-29 11:35:31,0,10,1597554846319620097,sulikhsan_,pdip atal gelar hut di gk karena dipakai persiapan piala dunia u,"['pdip', 'atal', 'gelar', 'hut', 'gk', 'pakai', 'siap', 'piala', 'dunia', 'u']",2,positive
2022-11-29 11:35:27,0,0,1597554831719542784,JerryValeron,saya erharap jika piala dunia erkesempatan di selenggarakan di indonesia aksi seperti ini akan dan harus di tindak tegas,"['erharap', 'piala', 'dunia', 'erkesempatan', 'selenggara', 'indonesia', 'aksi', 'tindak']",4,positive
2022-11-29 11:35:25,0,0,1597554821472849921,inilahbdgcom,ekuador vs senegal grup a piala dunia  prediksi dan link live streaming  inilah andung  nnn n,"['ekuador', 'vs', 'senegal', 'grup', 'a', 'piala', 'dunia', 'prediksi', 'link', 'live', 'streaming', 'andung', 'nnn', 'n']",0,neutral
2022-11-29 11:35:23,0,1,1597554813750849537,SriViraChandra,di tengah ramainya perayaan piala dunia di qatar simaklah foto erikut foto langka ini adalah potret pertandingan sepakxexxa,"['ramai', 'raya', 'piala', 'dunia', 'qatar', 'simak', 'foto', 'erikut', 'foto', 'langka', 'potret', 'tanding', 'sepakxexxa']",-2,negative
2022-11-29 11:34:50,0,5452,1597554677641465856,GaluhSuminar,jafar piala dunia sudah dimulai jangan judi,"['jafar', 'piala', 'dunia', 'judi']",-1,negative
2022-11-29 11:34:37,0,0,1597554621362630656,debrightonce,menghaiskan waktu dengan mengorol ersama apak satpam tidak pernah masuk dalam daftar hal mengasikan yang isa dilakukan saat gaut melanda nnkiranya nyaris satu jam mendengar pak prapto menceritakan tentang keseruan nontin areng piala dunia di kampung tempat tinggalnya,"['menghaiskan', 'mengorol', 'ersama', 'apak', 'satpam', 'masuk', 'daftar', 'asi', 'isa', 'gaut', 'landa', 'nnkiranya', 'jam', 'dengar', 'prapto', 'cerita', 'seru', 'nontin', 'areng', 'piala', 'dunia', 'kampung', 'tinggal']",-8,negative
2022-11-29 11:34:26,0,0,1597554573916282880,IwnNrhmn,piala dunia kali ini secara keseruan pertandingan paling top serasa erimang semuansehari isa doel drama seperti kmaren edisi seelumnya jarang ada drama di aak grup,"['piala', 'dunia', 'kali', 'seru', 'tanding', 'top', 'serasa', 'erimang', 'semuansehari', 'isa', 'doel', 'drama', 'kmaren', 'edisi', 'seelumnya', 'jarang', 'drama', 'aak', 'grup']",-6,negative
2022-11-29 11:34:17,0,0,1597554535454474245,OfficialGajah,jp  di gajah ola nhanya dengan modal knperkalian auto conect dan pecah ntentu saja untuk hari ini sedang gacor di nstarlight princessnnsegera login dan ermain di gajah ola ntonton juga piala dunia ersama dengan gajah olannlink super gacor,"['jp', 'gajah', 'ola', 'nhanya', 'modal', 'knperkalian', 'auto', 'conect', 'pecah', 'ntentu', 'gacor', 'nstarlight', 'princessnnsegera', 'login', 'ermain', 'gajah', 'ola', 'ntonton', 'piala', 'dunia', 'ersama', 'gajah', 'olannlink', 'super', 'gacor']",-1,negative
2022-11-29 11:34:11,0,0,1597554510582657025,belajarlagiHQ,fifa memuat rand aset resmi kayak logo font dll untuk piala dunia kali ini yg udah terdaftar resmi milik fifanninilah kenapa rand tampak jarang menggunakan kata kata piala dunia terutama untuk rand esar yg tentu erpotensi dilirik oleh fifa,"['fifa', 'muat', 'rand', 'aset', 'resmi', 'kayak', 'logo', 'font', 'dll', 'piala', 'dunia', 'kali', 'yg', 'udah', 'daftar', 'resmi', 'milik', 'fifanninilah', 'rand', 'jarang', 'piala', 'dunia', 'rand', 'esar', 'yg', 'erpotensi', 'lirik', 'fifa']",-2,negative
2022-11-29 11:33:59,0,0,1597554463069249536,inibukanjungwoo,memer lain kurang tau min tapi kalo jungwoo mah ada jadwal noar piala dunia sama gw,"['per', 'tau', 'min', 'kalo', 'jungwoo', 'mah', 'jadwal', 'noar', 'piala', 'dunia', 'gw']",-5,negative
2022-11-29 11:33:52,2,0,1597554430769086466,detikcom,rasil sukses menjejak aak  esar piala dunia  casemiro peringatkan rivalrivalnya ahwa rasil kini leih kuat ketimang di edisi seelumnya,"['rasil', 'sukses', 'jejak', 'aak', 'esar', 'piala', 'dunia', 'casemiro', 'ingat', 'rivalrivalnya', 'ahwa', 'rasil', 'leih', 'kuat', 'timang', 'edisi', 'seelumnya']",-1,negative
2022-11-29 11:33:50,0,72,1597554422166323200,Fathimahmalika,threadnmuslimah news xexx piala dunia perhelatan sepak ola dunia empat tahun sekali kemali digelar selama satu ulanxexxa,"['threadnmuslimah', 'news', 'xexx', 'piala', 'dunia', 'helat', 'sepak', 'ola', 'dunia', 'kemal', 'gelar', 'ulanxexxa']",-3,negative
2022-11-29 11:33:36,0,0,1597554364851552256,ekbistangsel,piala dunia  argentiva vs polandia preview prediksi lineup rekor pertemuan ocehan pelatih,"['piala', 'dunia', 'argentiva', 'vs', 'polandia', 'preview', 'prediksi', 'lineup', 'rekor', 'temu', 'oceh', 'latih']",4,positive
2022-11-29 11:33:32,0,0,1597554348997115904,VIVAcoid,video tim yang lolos  esar piala dunia  mana jagoanmu,"['video', 'tim', 'lolos', 'esar', 'piala', 'dunia', 'jago']",-6,negative
2022-11-29 11:33:26,0,0,1597554324405903360,kompasiana,pengalaman eli tiket dan menonton langsung piala dunia  pada pertandingan antara jepang vs kosta rika di qatar tiketnya ereut n,"['alam', 'eli', 'tiket', 'tonton', 'langsung', 'piala', 'dunia', 'tanding', 'jepang', 'vs', 'kosta', 'rika', 'qatar', 'tiket', 'ereut', 'n']",1,positive
2022-11-29 11:33:26,0,0,1597554322916528128,bigwinjusey08,piala dunia,"['piala', 'dunia']",-1,negative
2022-11-29 11:33:11,0,95,1597554262141464576,marnobgrpb,pk gus muhaimin alas mengapresiasi qatar yang mampu menggelar kejuaraan sepak ola paling ergengsi dgn elegan nn,"['pk', 'gus', 'muhaimin', 'alas', 'apresiasi', 'qatar', 'gelar', 'juara', 'sepak', 'ola', 'ergengsi', 'dgn', 'elegan', 'nn']",2,positive
2022-11-29 11:33:11,0,0,1597554260329213953,tebakanbola,ahli fisika asal amerika serikat puji ola piala dunia uatan indonesia eraerodinamika tinggi nn,"['ahli', 'fisika', 'amerika', 'serikat', 'puji', 'ola', 'piala', 'dunia', 'uatan', 'indonesia', 'eraerodinamika', 'nn']",3,positive
2022-11-29 11:33:06,0,0,1597554239798407169,katikcakil,gamau jadwal tidur rusak lagi tapi ini piala dunia xfxfxx,"['gamau', 'jadwal', 'tidur', 'rusak', 'piala', 'dunia', 'xfxfxx']",-6,negative
2022-11-29 11:32:50,0,0,1597554173418971136,ekbistangsel,piala dunia setelah prancis rasil portugal ke  esar siapa menyusul ini ulasannya,"['piala', 'dunia', 'prancis', 'rasil', 'portugal', 'esar', 'susul', 'ulas']",-1,negative
2022-11-29 11:32:38,0,0,1597554123700047872,koclor_,piala dunia mung entuk hikmah xfxfxax,"['piala', 'dunia', 'mung', 'entuk', 'hikmah', 'xfxfxax']",1,positive
2022-11-29 11:32:27,16,6,1597554074454753280,belajarlagiHQ,fifa ketat anget ngasih aturan trademark soal pildun ini jangankan nulis lengkap cuma sekedar kata piala dunia aja isa terancam erurusan sama fifannini adalah entuk dari rand assets yg dilindungi dari penggunaan yg illegal,"['fifa', 'ketat', 'anget', 'ngasih', 'atur', 'trademark', 'pildun', 'nulis', 'lengkap', 'dar', 'piala', 'dunia', 'aja', 'isa', 'ancam', 'erurusan', 'fifannini', 'entuk', 'rand', 'assets', 'yg', 'lindung', 'guna', 'yg', 'illegal']",-2,negative
2022-11-29 11:32:21,0,0,1597554051763539968,Benidictivity,tiket piala dunia qatar termahal,"['tiket', 'piala', 'dunia', 'qatar', 'mahal']",0,neutral
2022-11-29 11:32:13,0,36,1597554018741428224,Anam96Y,seuah keluarga razil masuk islam setelah melihat orangxcx shalat aca alquran dan perilaku aik umat islamnnkeluarga inixexxa,"['seuah', 'keluarga', 'razil', 'masuk', 'islam', 'orangxcx', 'shalat', 'aca', 'alquran', 'perilaku', 'aik', 'umat', 'islamnnkeluarga', 'inixexxa']",11,positive
2022-11-29 11:32:07,0,0,1597553991734693889,sinergia_news,jangan lewatkan link live streaming piala dunia malam ini aak akhir elanda vs qatar penentuan  esar jangan ketinggalan,"['lewat', 'link', 'live', 'streaming', 'piala', 'dunia', 'malam', 'aak', 'elanda', 'vs', 'qatar', 'tentu', 'esar', 'tinggal']",-7,negative
2022-11-29 11:31:48,0,0,1597553913770962944,myedisi9,leih rm juta dirampas judi piala dunia n  via,"['leih', 'rm', 'juta', 'rampas', 'judi', 'piala', 'dunia', 'n', 'via']",-3,negative
2022-11-29 11:31:43,0,0,1597553891222384641,77577SportsIDN,cristiano ronaldo mengirim pesan kepada piers morgan usai laga piala dunia  portugal vs uruguay ahwa dia adalah pencetak gol pertama ukan runo fernandes  sports,"['cristiano', 'ronaldo', 'kirim', 'pesan', 'piers', 'morgan', 'laga', 'piala', 'dunia', 'portugal', 'vs', 'uruguay', 'ahwa', 'cetak', 'gol', 'ukan', 'runo', 'fernandes', 'sports']",3,positive
2022-11-29 11:31:04,0,2,1597553729787424769,Nitizen_Zen,offside duo   argentinajerman gak perlu panik piala dunia teruruk  via,"['offside', 'duo', 'argentinajerman', 'gak', 'panik', 'piala', 'dunia', 'uruk', 'via']",-5,negative
2022-11-29 11:31:03,1,0,1597553723538288641,KapanLagicom,seleritis tanah air ini punya jagoan sendiri di piala dunia  ada yang dukung negara nonunggulan,"['seleritis', 'tanah', 'air', 'jago', 'piala', 'dunia', 'dukung', 'negara', 'nonunggulan']",5,positive
2022-11-29 11:31:03,0,0,1597553721809899520,pisiganteng,ada yang jual vidio uat nonton piala dunia ga,"['jual', 'vidio', 'uat', 'nonton', 'piala', 'dunia', 'ga']",0,neutral
2022-11-29 11:30:42,6,0,1597553633998278658,branjangankawat,hais nonton piala dunia mata kok jadi egini xfxfxxxfxfxx,"['hais', 'nonton', 'piala', 'dunia', 'mata', 'egini', 'xfxfxxxfxfxx']",-3,negative
2022-11-29 11:30:41,0,0,1597553630487678976,nailul_ihsan,tv gak mau hidupnpadahal piala dunia masih elum usainneli aru atau enerin tv lama dulu sementara,"['tv', 'gak', 'hidupnpadahal', 'piala', 'dunia', 'elum', 'usainneli', 'aru', 'enerin', 'tv']",-6,negative
2022-11-29 11:30:32,0,1,1597553592080424960,Bambangelf,gus muhaimin apresiasi perhelatan piala dunia qatar nn    xexxa,"['gus', 'muhaimin', 'apresiasi', 'helat', 'piala', 'dunia', 'qatar', 'nn', 'xexxa']",-1,negative
2022-11-29 11:30:17,0,0,1597553531581792257,soegihardjo67,nusantara   christing maaf lg siuk piala dunia xfxfxxxfxfxx,"['nusantara', 'christing', 'maaf', 'lg', 'siuk', 'piala', 'dunia', 'xfxfxxxfxfxx']",-2,negative
2022-11-29 11:30:12,0,0,1597553511457488897,Bellaan18520189,ayo ergaung ersama  ndan dapatkan onus demam piala dunianplus tamah onus cashack nnlink daftar    ergaung ersama kami di situs slot gacor   hanya dengan modal ndapatkan onus new memer slot  up hingga,"['ayo', 'ergaung', 'ersama', 'ndan', 'dapat', 'onus', 'demam', 'piala', 'dunianplus', 'tamah', 'onus', 'cashack', 'nnlink', 'daftar', 'ergaung', 'ersama', 'situs', 'slot', 'gacor', 'modal', 'ndapatkan', 'onus', 'new', 'per', 'slot', 'up']",1,positive
2022-11-29 11:30:08,0,0,1597553495036596227,idaylummm,sera seri piala dunia qatar  tidak ada tempat untuk israel,"['sera', 'seri', 'piala', 'dunia', 'qatar', 'israel']",-1,negative
2022-11-29 11:30:04,0,0,1597553477684977664,KingCabbage12,haang   ang juara piala dunia  feeling aang siapa yg juara gua mau pasang tarohan nih sama temen gua ang,"['haang', 'ang', 'juara', 'piala', 'dunia', 'feeling', 'aang', 'yg', 'juara', 'gua', 'pasang', 'tarohan', 'nih', 'temen', 'gua', 'ang']",-3,negative
2022-11-29 11:30:04,0,93,1597553475034165249,IbnuSholh,ada spanduk anies aswedan for presiden di piala dunia  qatar  portal islam,"['spanduk', 'anies', 'aswedan', 'for', 'presiden', 'piala', 'dunia', 'qatar', 'portal', 'islam']",6,positive
2022-11-29 11:30:00,0,0,1597553460987281409,Bolanet,video piala dunia  mengintip cara ersedekah di qatar yang dipermudah anget,"['video', 'piala', 'dunia', 'intip', 'ersedekah', 'qatar', 'mudah', 'anget']",2,positive
2022-11-29 11:30:00,1,0,1597553459665858560,kompasiana,piala dunia  mungkin akan digunakan qatar seagai atu pijakan untuk erenah dan memuat timnas sepak olanya isa erlaga di ajang serupa lain n,"['piala', 'dunia', 'qatar', 'aga', 'atu', 'pijak', 'erenah', 'muat', 'timnas', 'sepak', 'olanya', 'isa', 'erlaga', 'ajang', 'n']",-7,negative
2022-11-29 11:29:55,0,1,1597553437578649600,geletea,dukungan untuk palestina menguat sepanjang piala dunia  qatar sealiknya israel dioikot di manamana termasuk olehxexxa,"['dukung', 'palestina', 'kuat', 'piala', 'dunia', 'qatar', 'alik', 'israel', 'dioikot', 'manamana', 'olehxexxa']",2,positive
2022-11-29 11:29:51,0,0,1597553421489692673,wuhyunjin,oleh gt sini kaknnvidio premiernxexxa sharing  ulan knxexxa private  ulan knnvidio premier isa nonton eplnxexxa sharing  ulan  knxexxa private  ulan knnvidio premier isa nonton piala dunianxexxa private k,"['gt', 'kaknnvidio', 'premiernxexxa', 'sharing', 'ulan', 'knxexxa', 'private', 'ulan', 'knnvidio', 'premier', 'isa', 'nonton', 'eplnxexxa', 'sharing', 'ulan', 'knxexxa', 'private', 'ulan', 'knnvidio', 'premier', 'isa', 'nonton', 'piala', 'dunianxexxa', 'private', 'k']",6,positive
2022-11-29 11:29:50,0,0,1597553417836466177,tim_tamtam,lah kan ini konteksnya ahas tim afrika yang main di piala dunianndan kalaupun pernyataan saya diawa secara umum tim unggulan afrika msh leih anyak yg main grasak grusuk,"['konteks', 'ahas', 'tim', 'afrika', 'main', 'piala', 'dunianndan', 'nyata', 'awa', 'tim', 'unggul', 'afrika', 'msh', 'leih', 'anyak', 'yg', 'main', 'grasak', 'grusuk']",-6,negative
2022-11-29 11:29:10,0,0,1597553248931807235,muhshosyakhu,id sudah ketahuan pemegang piala dunia portugal tentu saja v wkwkwkw,"['id', 'tahu', 'pegang', 'piala', 'dunia', 'portugal', 'v', 'wkwkwkw']",-3,negative
2022-11-29 11:29:01,0,0,1597553213628379136,EkoPoceratu,di saat orang nonton piala dunia aku tidak pialaku adalah kenangan dan duniaku adalah kau seorang,"['orang', 'nonton', 'piala', 'dunia', 'piala', 'kenang', 'dunia', 'kau']",-1,negative
2022-11-29 11:28:48,0,0,1597553157575696386,firmaannnnnnn,iasane jam semene ndelok piala dunia iki maeng gak onok aneh rasane,"['iasane', 'jam', 'semene', 'ndelok', 'piala', 'dunia', 'iki', 'maeng', 'gak', 'onok', 'aneh', 'rasane']",-1,negative
2022-11-29 11:28:40,0,10,1597553122200948736,adji_mahadewa,nikmati promo murah mantap dari im di ukalapak yuk xfxfxaxannada diskon hingga  tiap eli kartu perdana  paket data im ixexxa,"['nikmat', 'promo', 'murah', 'mantap', 'im', 'ukalapak', 'yuk', 'xfxfxaxannada', 'diskon', 'eli', 'kartu', 'perdana', 'paket', 'data', 'im', 'ixexxa']",19,positive
2022-11-29 11:28:27,0,0,1597553068002140161,KasanMulyono,jelang laga jepang vs spanyol di piala dunia qatar  hajime moriyasu ingatkan ini kepada anak asuhnya  jakarta insider,"['jelang', 'laga', 'jepang', 'vs', 'spanyol', 'piala', 'dunia', 'qatar', 'hajime', 'moriyasu', 'ingat', 'anak', 'asuh', 'jakarta', 'insider']",-1,negative
2022-11-29 11:28:19,3,0,1597553036871798784,detikcom,masih ada kecil kemungkinan andai portugal ertemu rasil di  esar piala dunia  fernando santos menyeutnya akan jadi laga super ig match,"['andai', 'portugal', 'ertemu', 'rasil', 'esar', 'piala', 'dunia', 'fernando', 'santos', 'menyeutnya', 'laga', 'super', 'ig', 'match']",2,positive
2022-11-29 11:28:00,0,0,1597552956043595778,128O8,ready vidio piala dunian ulan all devicensharing u  knprivate  knakun ready tinggal copas lalu pake private isa req email no fee isa dm  or wa  yaknnt fifa world cup,"['ready', 'vidio', 'piala', 'dunian', 'ulan', 'all', 'devicensharing', 'u', 'knprivate', 'knakun', 'ready', 'tinggal', 'copas', 'pake', 'private', 'isa', 'req', 'email', 'no', 'fee', 'isa', 'dm', 'or', 'wa', 'yaknnt', 'fifa', 'world', 'cup']",0,neutral
2022-11-29 11:27:47,0,2,1597552899587862528,diva_acm,dukungan untuk palestina menguat sepanjang piala dunia  qatar sealiknya israel dioikot di manamana termasuk oleh suxexxa,"['dukung', 'palestina', 'kuat', 'piala', 'dunia', 'qatar', 'alik', 'israel', 'dioikot', 'manamana', 'suxexxa']",2,positive
2022-11-29 11:27:41,0,1,1597552874921549824,Emm_aaa2108,messi cs awa  kilogram daging ke piala dunia n,"['messi', 'cs', 'awa', 'kilogram', 'daging', 'piala', 'dunia', 'n']",-1,negative
2022-11-29 11:27:40,0,0,1597552873998458880,republikaonline,enzema menderita cedera pada paha kirinya,"['enzema', 'derita', 'cedera', 'paha', 'kiri']",-12,negative
2022-11-29 11:27:40,0,0,1597552870307827712,IqbalQuosophy,tahun ini total  stadion piala dunia pertama  pake  stadion,"['total', 'stadion', 'piala', 'dunia', 'pake', 'stadion']",-1,negative
2022-11-29 11:26:31,14,2,1597552581580144640,detikcom,dukungan untuk palestina menguat sepanjang piala dunia  qatar sealiknya israel dioikot di manamana termasuk oleh suporter eragai negara ini potretnya,"['dukung', 'palestina', 'kuat', 'piala', 'dunia', 'qatar', 'alik', 'israel', 'dioikot', 'manamana', 'suporter', 'eragai', 'negara', 'potret']",5,positive
2022-11-29 11:26:28,0,0,1597552569429086208,SleepyAlw,yang penting kepentingan team dulu kan leih utama uat isa dapetin piala juara dunia nya,"['penting', 'team', 'leih', 'utama', 'uat', 'isa', 'dapetin', 'piala', 'juara', 'dunia', 'nya']",-1,negative
2022-11-29 11:26:25,0,0,1597552555789197313,Sahamdomino1,prediksi piala dunia elanda vs qatar  novemer n,"['prediksi', 'piala', 'dunia', 'elanda', 'vs', 'qatar', 'novemer', 'n']",1,positive
2022-11-29 11:26:10,0,1,1597552495403798531,begalracer,grup a  winn vs nn vs nngrup   winn vs  nn vs  nn,"['grup', 'a', 'winn', 'vs', 'nn', 'vs', 'nngrup', 'winn', 'vs', 'nn', 'vs', 'nn']",-4,negative
2022-11-29 11:26:02,0,0,1597552460796919809,KompasBola,wales vs inggris kejutan piala dunia angkitkan harapan the dragons,"['wales', 'vs', 'inggris', 'kejut', 'piala', 'dunia', 'angkit', 'harap', 'the', 'dragons']",-1,negative
2022-11-29 11:25:43,0,0,1597552383089074176,hariankompas,pukul  wi juga piala dunia qatar  akan menghadirkan laga elanda vs qatar teak tim mana yang akan menang di laga ininn,"['wi', 'piala', 'dunia', 'qatar', 'hadir', 'laga', 'elanda', 'vs', 'qatar', 'teak', 'tim', 'menang', 'laga', 'ininn']",-7,negative
2022-11-29 11:25:28,0,4,1597552319121756165,AzeeSyaifullah,malaysia wahhh heat la legenda kita xfxfxxxexdxaxefxxf juara piala dunia    xexaxdxfxfxfxnnnnxexxa,"['malaysia', 'wahhh', 'heat', 'la', 'legenda', 'xfxfxxxexdxaxefxxf', 'juara', 'piala', 'dunia', 'xexaxdxfxfxfxnnnnxexxa']",-1,negative
2022-11-29 11:25:04,5,0,1597552219523514369,detikcom,ara saudi dan argentina sudah hadirkan drama yang dimenangkan green falcon sekali lagi keduanya sikutsikutan demi lolos ke  esar piala dunia,"['ara', 'saudi', 'argentina', 'hadir', 'drama', 'menang', 'green', 'falcon', 'sikutsikutan', 'lolos', 'esar', 'piala', 'dunia']",-11,negative
2022-11-29 11:25:02,4,0,1597552210812211201,tanyakanrl,huh xfxfxaxa sedih meskipun gak tau piala dunia erikutnya gue masih isa nonton atau enggak tapi piala dunia tanpa mereka erdua euphorianya akal jelas eda terlepas dari fans keduanya yg riut mulu tetap saja mereka erdua adalah legends xfxfxxfxexaxd xfxfxxa,"['huh', 'xfxfxaxa', 'sedih', 'gak', 'tau', 'piala', 'dunia', 'erikutnya', 'gue', 'isa', 'nonton', 'piala', 'dunia', 'erdua', 'euphorianya', 'akal', 'eda', 'lepas', 'fans', 'yg', 'riut', 'mulu', 'erdua', 'legends', 'xfxfxxfxexaxd', 'xfxfxxa']",-10,negative
2022-11-29 11:25:02,0,31,1597552208660209665,lm0ntea,yg lm ikutan giveaway msh ada waktu yannmimin repost materi giveaway nya masih euforia piala dunia qatar  rosixexxa,"['yg', 'lm', 'ikut', 'giveaway', 'msh', 'yannmimin', 'repost', 'materi', 'giveaway', 'nya', 'euforia', 'piala', 'dunia', 'qatar', 'rosixexxa']",-4,negative
2022-11-29 11:24:57,0,0,1597552188221718529,serambinews,jadwal  piala dunia  hari ini menyajikan lagalaga penentuan nn elanda dan  inggris memuru tiket ke  esar sedangkan  iran akal melakoni laga panas kontra  amerika serikatnn,"['jadwal', 'piala', 'dunia', 'saji', 'lagalaga', 'tentu', 'nn', 'elanda', 'inggris', 'memuru', 'tiket', 'esar', 'iran', 'akal', 'lakon', 'laga', 'panas', 'kontra', 'amerika', 'serikatnn']",-2,negative
2022-11-29 11:24:34,0,1,1597552090439876610,5Maureen5,indonesia qatar lewat sepak ola sedang mengejar status agian dari peradaan dunia dan penggerak ekonominya tak peduli seperti apxexxa,"['indonesia', 'qatar', 'sepak', 'ola', 'kejar', 'status', 'agian', 'perada', 'dunia', 'gerak', 'ekonomi', 'peduli', 'apxexxa']",-4,negative
2022-11-29 11:24:25,0,1,1597552055375507456,Risyam12,mogamoga isa ertamah di piala dunia tahun ini xfxfxxnn xfxfxxxfxfxx,"['mogamoga', 'isa', 'ertamah', 'piala', 'dunia', 'xfxfxxnn', 'xfxfxxxfxfxx']",-1,negative
2022-11-29 11:24:22,2,1,1597552042763251712,Beritasatu,mengejutkan  pekerja untuk piala dunia  tewas,"['kejut', 'kerja', 'piala', 'dunia', 'tewas']",-3,negative
2022-11-29 11:24:19,0,0,1597552027269476354,secretkim_19,padahal cuma kejuaraan nasional amatir tapi sampe egituxfxfxxc akhirnya tim yg juara dianned sama pemerintah china sayang anget pdhl kalo mereka masuk timnas mungkin china udah x juara piala duniaxfxfxx,"['juara', 'nasional', 'amatir', 'sampe', 'egituxfxfxxc', 'tim', 'yg', 'juara', 'dianned', 'perintah', 'china', 'sayang', 'anget', 'pdhl', 'kalo', 'masuk', 'timnas', 'china', 'udah', 'x', 'juara', 'piala', 'duniaxfxfxx']",-7,negative
2022-11-29 11:24:18,0,4,1597552025683648512,14LimaTiga,makanya malesin tiap aca komen piala dunia kali ini kok kurang hype yaa kok lagunya ga seikoxexxa,"['malesin', 'aca', 'komen', 'piala', 'dunia', 'kali', 'hype', 'yaa', 'lagu', 'ga', 'seikoxexxa']",-3,negative
2022-11-29 11:24:04,0,0,1597551964556242945,BisBanNews,runo fernandes ciptakan race portugal lolos ke aak  esar piala dunia qatar  usai kalahkan uruguay tampil dengan sangat ngotot para pemain portugal sukses mengakhiri pertandingan dengan mengalahkan uruguay dengan skor,"['runo', 'fernandes', 'cipta', 'race', 'portugal', 'lolos', 'aak', 'esar', 'piala', 'dunia', 'qatar', 'kalah', 'uruguay', 'tampil', 'ngotot', 'main', 'portugal', 'sukses', 'tanding', 'kalah', 'uruguay', 'skor']",-14,negative
2022-11-29 11:23:52,3,0,1597551917516947456,detikcom,sempat ikin kejutan kalahkan argentina ara saudi selanjutnya diungkam polandia mampukah green falcon lolos dari fase grup piala dunia  ini,"['ikin', 'kejut', 'kalah', 'argentina', 'ara', 'saudi', 'diungkam', 'polandia', 'green', 'falcon', 'lolos', 'fase', 'grup', 'piala', 'dunia']",-13,negative
2022-11-29 11:23:49,0,0,1597551902845464576,tribunkaltim,skenario lolos  esar piala dunia  grup  inggris mudah amerika serikat waji menangn n lewat,"['skenario', 'lolos', 'esar', 'piala', 'dunia', 'grup', 'inggris', 'mudah', 'amerika', 'serikat', 'waji', 'menangn', 'n']",-6,negative
2022-11-29 11:23:36,0,0,1597551850689269760,idntimes,ganasnya wakil afrika di putaran kedua fase grup piala dunia,"['ganas', 'wakil', 'afrika', 'putar', 'fase', 'grup', 'piala', 'dunia']",-10,negative
2022-11-29 11:23:19,0,0,1597551776366231553,hariankompas,pukul  wi piala dunia qatar  akan menghadirkan laga senegal vs ekuador teak tim mana yang akan menang di laga ininn,"['wi', 'piala', 'dunia', 'qatar', 'hadir', 'laga', 'senegal', 'vs', 'ekuador', 'teak', 'tim', 'menang', 'laga', 'ininn']",-7,negative
2022-11-29 11:23:18,0,0,1597551771861540865,InvestorID,piala dunia  iran vs as akal sengit sarat politik,"['piala', 'dunia', 'iran', 'vs', 'as', 'akal', 'sengit', 'sarat', 'politik']",-2,negative
2022-11-29 11:23:13,0,0,1597551752194142209,bolafyapps,aru tiga tim yang lolos ke aak  esar piala dunia  prancis rasil dan portugal nnsiapa dari group a yang malam ini akan menyusul,"['aru', 'tim', 'lolos', 'aak', 'esar', 'piala', 'dunia', 'prancis', 'rasil', 'portugal', 'nnsiapa', 'group', 'a', 'malam', 'susul']",-15,negative
2022-11-29 11:23:02,1,0,1597551704291307520,banjarmasinpost,tak live sctv preview dan link streaming wales vs inggris piala dunia  malam ini walker fit  lewat,"['live', 'sctv', 'preview', 'link', 'streaming', 'wales', 'vs', 'inggris', 'piala', 'dunia', 'malam', 'walker', 'fit']",5,positive
2022-11-29 11:23:00,3,0,1597551698259906560,jamalspeaking,memernya satu lagi elajar piala dunia min tolong diapresiasi,"['per', 'elajar', 'piala', 'dunia', 'min', 'tolong', 'apresiasi']",0,neutral
2022-11-29 11:22:45,0,0,1597551635576025088,UtdJese,france erada di grup c piala duniann argentina erada di grup c piala dunia,"['france', 'erada', 'grup', 'c', 'piala', 'duniann', 'argentina', 'erada', 'grup', 'c', 'piala', 'dunia']",-9,negative
2022-11-29 11:22:41,0,0,1597551617750208515,urban1063fm,ngerayain piala dunia versi lo gmn anak uran  kalo anak sore ngerayain piala dunia dengan nonton trik  trik ermain futsal,"['ngerayain', 'piala', 'dunia', 'versi', 'lo', 'gmn', 'anak', 'uran', 'kalo', 'anak', 'sore', 'ngerayain', 'piala', 'dunia', 'nonton', 'trik', 'trik', 'ermain', 'futsal']",-8,negative
2022-11-29 11:22:40,2,0,1597551614096986112,tribunnews,syarat timnas argentina terhindar jumpa prancis di  esar piala dunia  pesta gol harga mati  via,"['syarat', 'timnas', 'argentina', 'hindar', 'jumpa', 'prancis', 'esar', 'piala', 'dunia', 'pesta', 'gol', 'harga', 'mati', 'via']",8,positive
2022-11-29 11:22:19,2,0,1597551527610429441,loytregh,menurut gua kalo soal menghiur piala dunia kali ini jauh leih aik daripada  phase grup aja elum kelar udah anyak match seru,"['gua', 'kalo', 'menghiur', 'piala', 'dunia', 'kali', 'leih', 'aik', 'phase', 'grup', 'aja', 'elum', 'kelar', 'udah', 'anyak', 'match', 'seru']",-4,negative
2022-11-29 11:22:19,0,0,1597551526847078401,Dhrmwn_22,idn  pas piala dunia antar klu aru liat klu ola maen olanya anjimm angett,"['idn', 'pas', 'piala', 'dunia', 'klu', 'aru', 'liat', 'klu', 'ola', 'maen', 'olanya', 'anjimm', 'angett']",1,positive
2022-11-29 11:22:11,1,0,1597551491854008324,AzmiHadi81,kenapa sekarangsekarang ini anyak instastory tentang olakarena piala dunia itu di gelar  tahun sekali leihleih kemungkinan esar menjadi piala dunia yang terakhir agi  pemain sepak ola yang teraik sepanjang sejarah sepak ola cristiano dan leo messi jadi wajarlah,"['sekarangsekarang', 'anyak', 'instastory', 'olakarena', 'piala', 'dunia', 'gelar', 'leihleih', 'esar', 'piala', 'dunia', 'agi', 'main', 'sepak', 'ola', 'teraik', 'sejarah', 'sepak', 'ola', 'cristiano', 'leo', 'messi', 'wajar']",-8,negative
2022-11-29 11:21:40,0,0,1597551363726413825,tudepoincom,dreamers jadi lagu piala dunia fifa pertama yang mencapai puncak illoard digital song salesnn,"['dreamers', 'lagu', 'piala', 'dunia', 'fifa', 'capai', 'puncak', 'illoard', 'digital', 'song', 'salesnn']",-3,negative
2022-11-29 11:21:39,0,0,1597551356662849536,wingulfie,yukk yg mau eli app premium uat streaming netflix wetv disney viu youtue iqiyi vidio platinum dan paket fifa world cup  piala dunia pildun qatar isa di aku ya xfxfxax dm or wa ke  fast resp xfxfxaxxfxfxfx n,"['yukk', 'yg', 'eli', 'app', 'premium', 'uat', 'streaming', 'netflix', 'wetv', 'disney', 'viu', 'youtue', 'iqiyi', 'vidio', 'platinum', 'paket', 'fifa', 'world', 'cup', 'piala', 'dunia', 'pildun', 'qatar', 'isa', 'ya', 'xfxfxax', 'dm', 'or', 'wa', 'fast', 'resp', 'xfxfxaxxfxfxfx', 'n']",13,positive
2022-11-29 11:21:34,0,0,1597551338707353600,otosia,golnya uat razil kalahkan swiss ternyata seelum piala dunia  casemiro orong moil mewah gelandang timnas razil casemiro orong moil mewah salah satunya untuk istri tercinta,"['gol', 'uat', 'razil', 'kalah', 'swiss', 'seelum', 'piala', 'dunia', 'casemiro', 'orong', 'moil', 'mewah', 'gelandang', 'timnas', 'razil', 'casemiro', 'orong', 'moil', 'mewah', 'salah', 'satu', 'istri', 'cinta']",-2,negative
2022-11-29 11:21:34,3,0,1597551336455012352,liputan6dotcom,video pemool gawang elgia di piala dunia  zakaria aoukhlal unjuk kemampuan jadi qari,"['video', 'pemool', 'gawang', 'elgia', 'piala', 'dunia', 'zakaria', 'aoukhlal', 'unjuk', 'mampu', 'qari']",-6,negative
2022-11-29 11:21:29,0,5,1597551318251753472,YusufAb44761146,officials agaimanapun qatar telah mewakili eksistensi negara islam yang sukses menghelat gelaran piala duniann xexxa,"['officials', 'agaimanapun', 'qatar', 'wakil', 'eksistensi', 'negara', 'islam', 'sukses', 'helat', 'gelar', 'piala', 'duniann', 'xexxa']",9,positive
2022-11-29 11:20:53,0,0,1597551164970930177,HilmiyD,gara gara piala dunia rung turuxfxfxaxaxfxfxaxa,"['gara', 'gara', 'piala', 'dunia', 'rung', 'turuxfxfxaxaxfxfxaxa']",-9,negative
2022-11-29 11:20:53,0,14,1597551164911808513,subaystepanus46,officials qatar sempat curhat ke cak imin soal gelaran piala dunia yang jadi sorotan karena eerapa aturan nn xexxa,"['officials', 'qatar', 'curhat', 'cak', 'imin', 'gelar', 'piala', 'dunia', 'sorot', 'eerapa', 'atur', 'nn', 'xexxa']",0,neutral
2022-11-29 11:20:14,3,0,1597551001275633664,tvOneNews,prediksi iran vs amerika serikat di piala dunia  ukan hanya soal politik,"['prediksi', 'iran', 'vs', 'amerika', 'serikat', 'piala', 'dunia', 'ukan', 'politik']",0,neutral
2022-11-29 11:20:08,0,0,1597550978353754115,21BeritaTerkini,pemain korsel asia pertama yang cetak  gol sundulan di piala dunia,"['main', 'korsel', 'asia', 'cetak', 'gol', 'sundul', 'piala', 'dunia']",2,positive
2022-11-29 11:20:07,0,0,1597550973249290240,prediksicash,ursa prediksi ola piala dunia kroasia vs elgia  desemer,"['ursa', 'prediksi', 'ola', 'piala', 'dunia', 'kroasia', 'vs', 'elgia', 'desemer']",1,positive
2022-11-29 11:19:32,0,0,1597550824141398017,keviinkho_,piala dunia kalo lagi awalaak penyisihan grup masih sulit diprediksi krn selalu ada tim yg mengejutkan kalo udah mulai aak  esar tuh udh mulai keliatan calon juaranya,"['piala', 'dunia', 'kalo', 'awalaak', 'sisih', 'grup', 'sulit', 'prediksi', 'krn', 'tim', 'yg', 'kejut', 'kalo', 'udah', 'aak', 'esar', 'tuh', 'udh', 'liat', 'calon', 'juara']",-8,negative
2022-11-29 11:19:26,0,4,1597550799630262273,wekaweee,menjual pukis masi ada dua ox siap antar area suhat selak nonton piala dunia cek ndang entek    xexxa,"['jual', 'pukis', 'mas', 'ox', 'area', 'suhat', 'selak', 'nonton', 'piala', 'dunia', 'cek', 'ndang', 'entek', 'xexxa']",-4,negative
2022-11-29 11:19:18,0,1,1597550768714047490,dw_indonesia,qatar lewat sepak ola sedang mengejar status agian dari peradaan dunia dan penggerak ekonominya tak peduli seperti apa cara yang mereka kejar,"['qatar', 'sepak', 'ola', 'kejar', 'status', 'agian', 'perada', 'dunia', 'gerak', 'ekonomi', 'peduli', 'kejar']",-7,negative
2022-11-29 11:18:59,0,2,1597550686396260352,iftulfira,ookie ola sepak piala dunia qatar  dierkas,"['ookie', 'ola', 'sepak', 'piala', 'dunia', 'qatar', 'dierkas']",-4,negative
2022-11-29 11:18:47,0,0,1597550638002733057,tribunkaltim,prediksi susunan pemain inggris vs wales di piala dunia  pertandingan pertama kyle walkern n lewat,"['prediksi', 'susun', 'main', 'inggris', 'vs', 'wales', 'piala', 'dunia', 'tanding', 'kyle', 'walkern', 'n']",3,positive
2022-11-29 11:18:46,0,0,1597550631014699008,dw_indonesia,andiachtiar menjelaskan jika negara lain selalu memiliki target menjadikan piala dunia seagai titik tolak pemangunan infrastruktur yang lalu erimas pada perkemangan ekonomi ia yakin qatar tidak demikian,"['andiachtiar', 'negara', 'milik', 'target', 'jadi', 'piala', 'dunia', 'aga', 'titik', 'tolak', 'mangun', 'infrastruktur', 'erimas', 'kemang', 'ekonomi', 'qatar']",-8,negative
2022-11-29 11:18:32,1,0,1597550573565644801,dw_indonesia,menurut pengamat  andiachtiar yusuf ia merasa cukup ganjil ketika  diputuskan untuk menjadi tuan rumah  karena negara ini sama sekali tak punya industri sepak ola yang cukup untuk dilihat,"['amat', 'andiachtiar', 'yusuf', 'ganjil', 'putus', 'tuan', 'rumah', 'negara', 'industri', 'sepak', 'ola']",2,positive
2022-11-29 11:18:00,0,0,1597550439482155014,NovitaS94838116,orooro mantepin hati ke kamu piala dunia aja pegang  negarav,"['orooro', 'mantepin', 'hati', 'piala', 'dunia', 'aja', 'pegang', 'negarav']",-2,negative
2022-11-29 11:17:57,0,0,1597550427243171841,LailaJeny,noar piala dunia  qatar pertandingan hari ininlink daftar   noar via telegram,"['noar', 'piala', 'dunia', 'qatar', 'tanding', 'ininlink', 'daftar', 'noar', 'via', 'telegram']",-1,negative
2022-11-29 11:17:40,0,0,1597550353704419329,sagahtvlive,siaran langsung piala dunia,"['siar', 'langsung', 'piala', 'dunia']",2,positive
2022-11-29 11:17:37,0,8,1597550341360611330,IpudSoekanto,cek dulu jadwal pertandingan lanjutan fase grup piala dunia nnsaksikan pertandingannya live hanya di n dan xexxa,"['cek', 'jadwal', 'tanding', 'lanjut', 'fase', 'grup', 'piala', 'dunia', 'nnsaksikan', 'tanding', 'live', 'n', 'xexxa']",-5,negative
2022-11-29 11:17:30,0,97,1597550314689040391,lalisamanabn,selama siaran pertandingan piala dunia  korea vs ghana komentator menyanyikan chorus ddududdudu  xfxfxxdnnxexxa,"['siar', 'tanding', 'piala', 'dunia', 'korea', 'vs', 'ghana', 'komentator', 'nyanyi', 'chorus', 'ddududdudu', 'xfxfxxdnnxexxa']",2,positive
2022-11-29 11:17:20,0,4,1597550271240237057,muhdhijazi_,jadual piala dunia waktu malaysiandownload pdf sini,"['jadual', 'piala', 'dunia', 'malaysiandownload', 'pdf']",-1,negative
2022-11-29 11:17:15,0,0,1597550251879305217,tempodotco,jadwal piala dunia  selasa  novemer elanda vs qatar ekuador vs senegal wales vs inggris iran vs amerika serikat,"['jadwal', 'piala', 'dunia', 'selasa', 'novemer', 'elanda', 'vs', 'qatar', 'ekuador', 'vs', 'senegal', 'wales', 'vs', 'inggris', 'iran', 'vs', 'amerika', 'serikat']",-1,negative
2022-11-29 11:17:09,0,0,1597550227686232064,EverytimeCrypto,xexaxdxefxxfdnnxexdxproitriviaxexdxnxfxfxxa tim yang erhasil ack to ack menjadi  juara piala dunia xfxfxcxfnnxfxfxxaexfxfxx italia xfxfxfx  amp nxfxfxxaxfxfxx razil xfxfxfx amp nnapakah xfxfxxaxfxfxx perancis isa masuk ke list ini nndetails,"['xexaxdxefxxfdnnxexdxproitriviaxexdxnxfxfxxa', 'tim', 'erhasil', 'ack', 'to', 'ack', 'juara', 'piala', 'dunia', 'xfxfxcxfnnxfxfxxaexfxfxx', 'italia', 'xfxfxfx', 'amp', 'nxfxfxxaxfxfxx', 'razil', 'xfxfxfx', 'amp', 'nnapakah', 'xfxfxxaxfxfxx', 'perancis', 'isa', 'masuk', 'list', 'nndetails']",-8,negative
2022-11-29 11:17:08,1,0,1597550220614963200,BandarBolaTop,iran vs usagrup  piala dunia niran tak terkalahkan dlm  laga terakhirnya lawan usa m s saat ini iran  poin as  poin kedua tim waji menang untuk raih tiket ke aak  esarnn,"['iran', 'vs', 'usagrup', 'piala', 'dunia', 'niran', 'kalah', 'dlm', 'laga', 'akhir', 'lawan', 'usa', 'm', 's', 'iran', 'poin', 'as', 'poin', 'tim', 'waji', 'menang', 'raih', 'tiket', 'aak', 'esarnn']",-7,negative
2022-11-29 11:16:45,0,0,1597550123805945856,onlinesumeks,link live streaming elanda vs qatar di piala dunia  tim oranje utuh menang esar,"['link', 'live', 'streaming', 'elanda', 'vs', 'qatar', 'piala', 'dunia', 'tim', 'oranje', 'utuh', 'menang', 'esar']",-3,negative
2022-11-29 11:16:40,0,0,1597550105644904448,bolahitaID,regulasi menentukan peringkat aak grup piala dunia  jika jumlah poin sama,"['regulasi', 'tentu', 'peringkat', 'aak', 'grup', 'piala', 'dunia', 'poin']",-6,negative
2022-11-29 11:16:27,1,0,1597550051504828416,rwsensasional,euforia piala dunia seentar lagi hadiah miliaran rupiah sedang menanti anda total hadiah  miliar rupiah di depan mata amp rasakan piala dunia ersama netent ajak kawan kalian rasakan keseruan yg tidak ada haisnya ersama royalwin event erlangsung dari tgl  nov des,"['euforia', 'piala', 'dunia', 'entar', 'hadiah', 'miliar', 'rupiah', 'total', 'hadiah', 'miliar', 'rupiah', 'mata', 'amp', 'rasa', 'piala', 'dunia', 'ersama', 'netent', 'ajak', 'kawan', 'rasa', 'seru', 'yg', 'haisnya', 'ersama', 'royalwin', 'event', 'erlangsung', 'tgl', 'nov', 'des']",-5,negative
2022-11-29 11:16:12,0,0,1597549984681193472,infoacehnet,ini adalah satusatunya pertandingan piala dunia  yang paling ermuatan politik sekalipun dalam arena olahraga mereka mungkin tidak erseterunn,"['satusatunya', 'tanding', 'piala', 'dunia', 'ermuatan', 'politik', 'arena', 'olahraga', 'erseterunn']",0,neutral
2022-11-29 11:15:44,0,1,1597549868469604352,detikcom,nnekuador vs senegal akan main malam ini di lanjutan piala dunia  seperti laga hidup dan mati pemenang dari lxexxa,"['nnekuador', 'vs', 'senegal', 'main', 'malam', 'lanjut', 'piala', 'dunia', 'laga', 'hidup', 'mati', 'menang', 'lxexxa']",-9,negative
2022-11-29 11:15:36,0,0,1597549834181181440,sariagri_id,pemilik unta di qatar ketian rezeki dari piala dunia,"['milik', 'unta', 'qatar', 'keti', 'rezeki', 'piala', 'dunia']",3,positive
2022-11-29 11:15:35,0,0,1597549832003952641,Apolo4DD,situs slot amp ola terpercaya di apolodnjadwal piala dunia qatar    pertandingan malam ininnjangan sampai ketinggalan untuk dukung dan taruh ettingan di tim jagoan osku xfxfxxnndaftar sekarangn     n,"['situs', 'slot', 'amp', 'ola', 'percaya', 'apolodnjadwal', 'piala', 'dunia', 'qatar', 'tanding', 'malam', 'ininnjangan', 'tinggal', 'dukung', 'taruh', 'ettingan', 'tim', 'jago', 'osku', 'xfxfxxnndaftar', 'sekarangn', 'n']",7,positive
2022-11-29 11:15:33,0,0,1597549821141061633,Bisniscom,gloal way indonesia ciptakan ola dari madiun ke piala dunia,"['gloal', 'way', 'indonesia', 'cipta', 'ola', 'madiun', 'piala', 'dunia']",-1,negative
2022-11-29 11:15:19,0,0,1597549765583306758,onlinesumeks,link live streaming senegal vs ekuador di piala dunia  la tricolor utuh imang untuk lolos  esar,"['link', 'live', 'streaming', 'senegal', 'vs', 'ekuador', 'piala', 'dunia', 'la', 'tricolor', 'utuh', 'imang', 'lolos', 'esar']",-2,negative
2022-11-29 11:15:18,0,0,1597549760776441858,detikcom,ekuador vs senegal akan main malam ini di lanjutan piala dunia  seperti laga hidup dan mati pemenang dari laga ini akan lolos ke aak  esar,"['ekuador', 'vs', 'senegal', 'main', 'malam', 'lanjut', 'piala', 'dunia', 'laga', 'hidup', 'mati', 'menang', 'laga', 'lolos', 'aak', 'esar']",-13,negative
2022-11-29 11:15:10,0,0,1597549728358871041,MiemieBanderaz,diskusikan terus gaes sampek indonesia masuk piala dunia,"['diskusi', 'gaes', 'sampek', 'indonesia', 'masuk', 'piala', 'dunia']",-4,negative
2022-11-29 11:15:06,0,5,1597549708574330880,dimasoemardjono,id hampa juga ya ga ada pertandingan piala dunia jam segini xfxfxax,"['id', 'hampa', 'ya', 'ga', 'tanding', 'piala', 'dunia', 'jam', 'gin', 'xfxfxax']",0,neutral
2022-11-29 11:15:04,0,6,1597549700160565250,HetsiyHetsiy1,sulaeman di layar ioskop oktyar di moskow muncul dukungan pada tim sepak ola nasional iran dalam pertandingan melawan as di pxexxa,"['sulaeman', 'layar', 'ioskop', 'oktyar', 'moskow', 'muncul', 'dukung', 'tim', 'sepak', 'ola', 'nasional', 'iran', 'tanding', 'lawan', 'as', 'pxexxa']",-6,negative
2022-11-29 11:15:02,0,0,1597549694875758596,sporttiaphari,amatir     vidio nayangin nya sctv di vidio selama acara piala dunia akal dilokir,"['amatir', 'vidio', 'nayangin', 'nya', 'sctv', 'vidio', 'acara', 'piala', 'dunia', 'akal', 'dilokir']",-1,negative
2022-11-29 11:14:48,0,0,1597549634821689344,m4s_EL,skyy redsindo klo sampe diperjuangin gt kemungkinan ya karena rekor individu apalagi kan ini piala dunia terkhirnya,"['skyy', 'redsindo', 'klo', 'sampe', 'diperjuangin', 'gt', 'ya', 'rekor', 'individu', 'piala', 'dunia', 'terkhirnya']",3,positive
2022-11-29 11:14:46,0,0,1597549626709925893,AW_Sport88,timnas walesxcxaakan menghadapixcxatimnas inggrisxcxadi ahmad in ali stadium padaxcxamatchdayxcxa grup xcxapiala dunia  pertandingan ini dijadwalkanxcxakickoffxcxarau  novemer  jam  winn n,"['timnas', 'walesxcxaakan', 'menghadapixcxatimnas', 'inggrisxcxadi', 'ahmad', 'in', 'ali', 'stadium', 'padaxcxamatchdayxcxa', 'grup', 'xcxapiala', 'dunia', 'tanding', 'dijadwalkanxcxakickoffxcxarau', 'novemer', 'jam', 'winn', 'n']",-3,negative
2022-11-29 11:14:44,2,0,1597549615951515648,hariankompas,seagai salah satu negara termuda dan terkecil di timur tengah tak mudah agi qatar meninggalkan jejaknya di peta politik gloal melalui piala dunia  qatar coa menunjukkan eksistensi dan relevansinya di mata duniann,"['aga', 'salah', 'negara', 'muda', 'kecil', 'timur', 'mudah', 'agi', 'qatar', 'tinggal', 'jejak', 'peta', 'politik', 'gloal', 'piala', 'dunia', 'qatar', 'coa', 'eksistensi', 'relevansi', 'mata', 'duniann']",-14,negative
2022-11-29 11:14:37,0,26,1597549587035983872,ubiKYUngu,nola yang digunakan dalam piala dunia  adalah dari madiun jawa timur dipuji pakar fisika inilah kisaxexxa,"['nola', 'piala', 'dunia', 'madiun', 'jawa', 'timur', 'puji', 'pakar', 'fisika', 'kisaxexxa']",2,positive
2022-11-29 11:14:32,0,0,1597549565988589569,BolaKickoff,der panzer sudah tampil di  pertandingan piala dunia,"['der', 'panzer', 'tampil', 'tanding', 'piala', 'dunia']",-1,negative
2022-11-29 11:14:04,0,0,1597549449487974401,tanyasimi,diseut mirip nia ramadhani ini  pesona jeniver challita suporter ara saudi perhelatan piala dunia qatar  saat ini masih erlangsungselain permainan para tim sepak ola kehadiran para suporter juga tak kalah curi perhatianxexxa sumer merdeka com,"['diseut', 'nia', 'ramadhani', 'pesona', 'jeniver', 'challita', 'suporter', 'ara', 'saudi', 'helat', 'piala', 'dunia', 'qatar', 'erlangsungselain', 'main', 'tim', 'sepak', 'ola', 'hadir', 'suporter', 'kalah', 'curi', 'perhatianxexxa', 'sumer', 'merdeka', 'com']",-9,negative
2022-11-29 11:13:55,0,0,1597549411332071424,Sarasriyadi,pengen nonton piala dunia tapi takut nggak isa move on dari ule xfxfxaxaxfxfxaxaxfxfxaxa,"['ken', 'nonton', 'piala', 'dunia', 'takut', 'nggak', 'isa', 'move', 'on', 'ule', 'xfxfxaxaxfxfxaxaxfxfxaxa']",-5,negative
2022-11-29 11:13:36,0,0,1597549333813301248,AW_Sport88,timnas iranxcxaakan menghadapixcxatimnas amerika serikatxcxadi al thumama stadium padaxcxamatchdayxcxa grup xcxapiala dunia  pertandingan ini dijadwalkanxcxakickoffxcxarau  novemer  jam  winn n,"['timnas', 'iranxcxaakan', 'menghadapixcxatimnas', 'amerika', 'serikatxcxadi', 'al', 'thumama', 'stadium', 'padaxcxamatchdayxcxa', 'grup', 'xcxapiala', 'dunia', 'tanding', 'dijadwalkanxcxakickoffxcxarau', 'novemer', 'jam', 'winn', 'n']",-3,negative
2022-11-29 11:13:20,0,0,1597549265907519488,mixlano,xfxfxdxe jual aplikasi premium xfxfxdxennxfxfxdxf vidio piala dunia  lnnxexxa all device nshare knpriv knxexxamoilenshare knpriv knnxfxfxdxf viunxexxa sharingnkulannk lnnxexxa private anti limitnklnnk lnnnxfxfxdxf youtuenxexxa famnklnnk lnnxexxa indivnklnnklnnnxfxfxcxf testi,"['xfxfxdxe', 'jual', 'aplikasi', 'premium', 'xfxfxdxennxfxfxdxf', 'vidio', 'piala', 'dunia', 'lnnxexxa', 'all', 'device', 'nshare', 'knpriv', 'knxexxamoilenshare', 'knpriv', 'knnxfxfxdxf', 'viunxexxa', 'sharingnkulannk', 'lnnxexxa', 'private', 'anti', 'limitnklnnk', 'lnnnxfxfxdxf', 'youtuenxexxa', 'famnklnnk', 'lnnxexxa', 'indivnklnnklnnnxfxfxcxf', 'testi']",-4,negative
2022-11-29 11:13:17,0,0,1597549251357454336,Spurs_ID,penggawa spurs yang ertanding di piala dunia hari ininnjoe rodon en davies harry kane eric dier xfxfxfxxfxaxxaxfxaxxaxfxaxxxfxaxxacxfxaxxxfxaxxfxfxfxfxxfxaxxaxfxaxxaxfxaxxaxfxaxxaexfxaxxaxfxaxxfnnwales vs inggris   winnpape matar sarr xfxfxxxfxfxxnnekuador vs senegal   winn,"['penggawa', 'spurs', 'ertanding', 'piala', 'dunia', 'ininnjoe', 'rodon', 'en', 'davies', 'harry', 'kane', 'eric', 'dier', 'xfxfxfxxfxaxxaxfxaxxaxfxaxxxfxaxxacxfxaxxxfxaxxfxfxfxfxxfxaxxaxfxaxxaxfxaxxaxfxaxxaexfxaxxaxfxaxxfnnwales', 'vs', 'inggris', 'winnpape', 'matar', 'sarr', 'xfxfxxxfxfxxnnekuador', 'vs', 'senegal', 'winn']",-1,negative
2022-11-29 11:12:39,0,0,1597549092233965569,moneydotid,jadwal piala dunia partai hidup mati elanda vs qatar dan wales vs inggris,"['jadwal', 'piala', 'dunia', 'partai', 'hidup', 'mati', 'elanda', 'vs', 'qatar', 'wales', 'vs', 'inggris']",-4,negative
2022-11-29 11:12:34,0,2,1597549071295995907,Kai_Hizkia,muncul kaar mengejutkan dari timnas iran di piala dunia  keluarga para pemainnya diancam penjara lho kenapa,"['muncul', 'kaar', 'kejut', 'timnas', 'iran', 'piala', 'dunia', 'keluarga', 'main', 'ancam', 'penjara', 'lho']",-10,negative
2022-11-29 11:12:14,0,0,1597548987535724545,Syaripa21418773,n uruh pdk sudah memerikan keuntungan pada anda jangan anyak alasan ayarkan kekurangan hak kami nnpiala dunia  qatarn nnnn,"['n', 'uruh', 'pdk', 'meri', 'untung', 'anyak', 'alas', 'ayar', 'kurang', 'hak', 'nnpiala', 'dunia', 'qatarn', 'nnnn']",-2,negative
2022-11-29 11:12:08,0,0,1597548961174552576,Shankara_Q,uefa leih kompetitif padahal secara matematis mereka leih erpeluang untuk lolos di kejuaraan regional ataupun piala dunia ila tetap di afc,"['uefa', 'leih', 'kompetitif', 'matematis', 'leih', 'erpeluang', 'lolos', 'juara', 'regional', 'piala', 'dunia', 'ila', 'afc']",-5,negative
2022-11-29 11:11:36,0,4,1597548829548896256,footballhetic,rekap hasil lagalaga terakhir putaran kedua fase grup piala dunia  xexfxxefxxfnn  ndua gol runo awa selexcxaxcxao loloxexxa,"['rekap', 'hasil', 'lagalaga', 'putar', 'fase', 'grup', 'piala', 'dunia', 'xexfxxefxxfnn', 'ndua', 'gol', 'runo', 'awa', 'selexcxaxcxao', 'loloxexxa']",1,positive
2022-11-29 11:11:35,0,0,1597548825493004288,tempodotco,piala dunia  alasan pelatih wales masih yakin isa kalahkan timnas inggris,"['piala', 'dunia', 'alas', 'latih', 'wales', 'isa', 'kalah', 'timnas', 'inggris']",-4,negative
2022-11-29 11:11:33,0,0,1597548818043920384,tempodotco,piala dunia  iran vs amerika serikat gregg erhalter minta maaf soal insiden endera,"['piala', 'dunia', 'iran', 'vs', 'amerika', 'serikat', 'gregg', 'erhalter', 'maaf', 'insiden', 'endera']",-5,negative
2022-11-29 11:11:19,6,4,1597548756035305473,Pairoro,menjual pukis masi ada dua ox siap antar area suhat selak nonton piala dunia cek ndang entek,"['jual', 'pukis', 'mas', 'ox', 'area', 'suhat', 'selak', 'nonton', 'piala', 'dunia', 'cek', 'ndang', 'entek']",-4,negative
2022-11-29 11:11:14,0,0,1597548736355319809,nusantimes,negara ini memastikan satu tiket lolos  ke esar piala dunia qatar n  n,"['negara', 'tiket', 'lolos', 'esar', 'piala', 'dunia', 'qatar', 'n', 'n']",-5,negative
2022-11-29 11:11:14,0,2,1597548736279760898,footballhetic,terompet kemenangan ditiupkan ghana saat tim mereka menang dramatis atas korea selatan di piala dunia fifa  qatar sexexxa,"['terompet', 'menang', 'tiup', 'ghana', 'tim', 'menang', 'dramatis', 'korea', 'selatan', 'piala', 'dunia', 'fifa', 'qatar', 'sexexxa']",-10,negative
2022-11-29 11:11:06,0,0,1597548702826110978,ningamahblog,cederanya tak parah karim enzema masih erpeluang ela timnas prancis di piala dunia,"['cedera', 'parah', 'karim', 'enzema', 'erpeluang', 'ela', 'timnas', 'prancis', 'piala', 'dunia']",-10,negative
2022-11-29 11:11:06,0,0,1597548701471342592,ningamahblog,wales waji kalahkan inggris di piala dunia  egini kata gareth ale,"['wales', 'waji', 'kalah', 'inggris', 'piala', 'dunia', 'egini', 'gareth', 'ale']",-5,negative
2022-11-29 11:11:05,0,0,1597548698543820802,ningamahblog,ricardo kaka hingga ronaldo nazario dukung langsung timnas rasil di piala dunia,"['ricardo', 'kaka', 'ronaldo', 'nazario', 'dukung', 'langsung', 'timnas', 'rasil', 'piala', 'dunia']",6,positive
2022-11-29 11:11:04,0,0,1597548695309934599,ningamahblog,jadwal siaran langsung piala dunia  hari ini selasa  novemer  elanda vs qatar dan iran vs amerika serikat,"['jadwal', 'siar', 'langsung', 'piala', 'dunia', 'selasa', 'novemer', 'elanda', 'vs', 'qatar', 'iran', 'vs', 'amerika', 'serikat']",2,positive
2022-11-29 11:10:55,0,0,1597548655174909959,arfibambani,guinness world records indonesia paling sedikit tampil di putaran final piala duniann,"['guinness', 'world', 'records', 'indonesia', 'tampil', 'putar', 'final', 'piala', 'duniann']",-1,negative
2022-11-29 11:10:43,1,0,1597548606546153472,tempodotco,rekap hasil dan klasemen piala dunia  timnas rasil dan portugal lolos,"['rekap', 'hasil', 'klasemen', 'piala', 'dunia', 'timnas', 'rasil', 'portugal', 'lolos']",-2,negative
2022-11-29 11:10:34,0,0,1597548569493270529,gadtorade,ndear ea cukai ri mohon diantu dijelaskan pertanyaan dari fans ola yg lagi nanton piala dunia ini langsung di qatar xfxfxxxfxfxxdnkalau device ukan aru pemerian atau hadiah agaimana menentukan harga devicenya,"['ndear', 'ea', 'cukai', 'ri', 'mohon', 'diantu', 'fans', 'ola', 'yg', 'nanton', 'piala', 'dunia', 'langsung', 'qatar', 'xfxfxxxfxfxxdnkalau', 'device', 'ukan', 'aru', 'meri', 'hadiah', 'agaimana', 'tentu', 'harga', 'devicenya']",0,neutral
2022-11-29 11:10:34,0,0,1597548568956370946,bdmoodmu,piala duniaxexdxcnperang duniaxexcx,"['piala', 'duniaxexdxcnperang', 'duniaxexcx']",0,neutral
2022-11-29 11:10:00,0,0,1597548426115194880,okezonenews,tak terima timnas korea selatan kalah dari ghana di piala dunia  son heungmin tolak salaman dengan pelatih paulo entonn,"['terima', 'timnas', 'korea', 'selatan', 'kalah', 'ghana', 'piala', 'dunia', 'son', 'heungmin', 'tolak', 'salam', 'latih', 'paulo', 'entonn']",-6,negative
2022-11-29 11:09:50,9,10,1597548385938337792,indosatim3,nikmati promo murah mantap dari im di ukalapak yuk xfxfxaxannada diskon hingga  tiap eli kartu perdana  paket data im internetan jadi makin nyaman mau streaming piala dunia atau scroll sosmed sepuasnyanncek promonya di ukalapak sekarang ya klik,"['nikmat', 'promo', 'murah', 'mantap', 'im', 'ukalapak', 'yuk', 'xfxfxaxannada', 'diskon', 'eli', 'kartu', 'perdana', 'paket', 'data', 'im', 'internetan', 'nyaman', 'streaming', 'piala', 'dunia', 'scroll', 'sosmed', 'sepuasnyanncek', 'promonya', 'ukalapak', 'ya', 'klik']",26,positive
2022-11-29 11:09:37,0,18,1597548328383705089,ILLaSiregar_14,xfxfxxxfxfxx erita harian razil xfxfxxaxfxfxxgloo ada  tim piala dunia ukan  karena palestina dan xfxfxxxfxfxx enderanya ada di semua pertandinxexxa,"['xfxfxxxfxfxx', 'erita', 'hari', 'razil', 'xfxfxxaxfxfxxgloo', 'tim', 'piala', 'dunia', 'ukan', 'palestina', 'xfxfxxxfxfxx', 'enderanya', 'pertandinxexxa']",-5,negative
2022-11-29 11:09:18,0,2,1597548250168434690,Bisniscom,iran vs amerika serikat di piala dunia  laga hidup dan mati yang sarat isu politik,"['iran', 'vs', 'amerika', 'serikat', 'piala', 'dunia', 'laga', 'hidup', 'mati', 'sarat', 'isu', 'politik']",-6,negative
2022-11-29 11:09:17,3,0,1597548245965803521,detikcom,elanda utuh poin saat melawan qatar untuk mengamankan tiket ke  esar piala dunia  erikut link live streaming elanda vs qatar,"['elanda', 'utuh', 'poin', 'lawan', 'qatar', 'aman', 'tiket', 'esar', 'piala', 'dunia', 'erikut', 'link', 'live', 'streaming', 'elanda', 'vs', 'qatar']",1,positive
2022-11-29 11:09:11,0,1,1597548221622292480,persisofficial,para penggawa serta staff dari persis youth amp persis women saling mengadu pengetahuannya tentang piala duniannsiapa yangxexxa,"['penggawa', 'staff', 'persis', 'youth', 'amp', 'persis', 'women', 'adu', 'tahu', 'piala', 'duniannsiapa', 'yangxexxa']",-3,negative
2022-11-29 11:09:06,0,0,1597548201795461120,RantingPinus,ngaisngaisin slot peserta piala dunia sama kyk australia indo makin susah dapet kesempatan,"['ngaisngaisin', 'slot', 'serta', 'piala', 'dunia', 'kyk', 'australia', 'indo', 'susah', 'dapet', 'sempat']",-3,negative
2022-11-29 11:09:02,0,0,1597548183844179968,happytoschips,penggemar erat sepak ola yuk merapat teak skor pertandingan elanda vs qatar di kolom komentar yuk jangan lupa ajak tementemen dan kasih tau mimin juga varian happytos yang paling sering kalian cemil saat nonton piala dunia nn,"['gemar', 'erat', 'sepak', 'ola', 'yuk', 'rapat', 'teak', 'skor', 'tanding', 'elanda', 'vs', 'qatar', 'kolom', 'komentar', 'yuk', 'lupa', 'ajak', 'tementemen', 'kasih', 'tau', 'mimin', 'varian', 'happytos', 'cemil', 'nonton', 'piala', 'dunia', 'nn']",3,positive
2022-11-29 11:08:45,0,0,1597548111337250818,diana_soraya5,nikmati onus new memer sportsook xfxfxxa nnhanya di agen ola piala dunia soet onus teresar  di ietnxfxfxxxfxfxxn infoxfxfxx whatsapp,"['nikmat', 'onus', 'new', 'per', 'sportsook', 'xfxfxxa', 'nnhanya', 'agen', 'ola', 'piala', 'dunia', 'soet', 'onus', 'teresar', 'ietnxfxfxxxfxfxxn', 'infoxfxfxx', 'whatsapp']",-1,negative
2022-11-29 11:08:35,0,0,1597548068018487302,alfsykh,nyari hightlight piala dunia di youtue malah dapat video di game fifa,"['nyari', 'hightlight', 'piala', 'dunia', 'youtue', 'video', 'game', 'fifa']",-1,negative
2022-11-29 11:08:18,0,0,1597547999454167040,sukanagapu,tapi sepakola piala dunia sekarang teruruk katanya dari stadion yg anyak menelan koran jiwa para pekerjanya dan kasus tentang lgt dll,"['sepakola', 'piala', 'dunia', 'uruk', 'stadion', 'yg', 'anyak', 'tel', 'koran', 'jiwa', 'kerja', 'lgt', 'dll']",1,positive
2022-11-29 11:08:10,2,0,1597547963479650305,thevocket,demam piala dunia telah ermula jom meriahkan goalden week di gamuda gardensn,"['demam', 'piala', 'dunia', 'ermula', 'jom', 'riah', 'goalden', 'week', 'gamuda', 'gardensn']",-2,negative
2022-11-29 11:07:35,0,0,1597547816062054400,cnbcindonesia,daftar negara yang hampir gagal lolos grup piala dunia,"['daftar', 'negara', 'gagal', 'lolos', 'grup', 'piala', 'dunia']",-15,negative
2022-11-29 11:07:33,0,0,1597547809418674177,troaztro,ngantuk erat ais nonton piala dunia xfxfxx,"['ngantuk', 'erat', 'ais', 'nonton', 'piala', 'dunia', 'xfxfxx']",-3,negative
2022-11-29 11:07:32,0,0,1597547803634540545,keponewsdotcom,dalam pengaruh alkohol pria ini akar rumah usai menang taruhan piala dunia,"['pengaruh', 'alkohol', 'pria', 'akar', 'rumah', 'menang', 'taruh', 'piala', 'dunia']",5,positive
2022-11-29 11:07:31,0,0,1597547799930863616,keponewsdotcom,egadang untuk nonton piala dunia  sehat atau enggak sih,"['egadang', 'nonton', 'piala', 'dunia', 'sehat', 'sih']",2,positive
2022-11-29 11:07:30,0,0,1597547797007532033,keponewsdotcom,link nonton piala dunia  grup  iran vs as dan wales vs inggris lengkap dengan jadwal,"['link', 'nonton', 'piala', 'dunia', 'grup', 'iran', 'vs', 'as', 'wales', 'vs', 'inggris', 'lengkap', 'jadwal']",-6,negative
2022-11-29 11:07:22,0,5,1597547762668961793,Adrianus_adit_s,factosxexxcxefxxf nnkemenangan  atas  adalah kemenangan pertama mereka lawan negara amerika selatan di piala duniannterakhirxexxa,"['factosxexxcxefxxf', 'nnkemenangan', 'menang', 'lawan', 'negara', 'amerika', 'selatan', 'piala', 'duniannterakhirxexxa']",-4,negative
2022-11-29 11:07:00,0,0,1597547670364561408,CekAja,cekizennpiala dunia  di qatar sudah dimulai tidak semarangan dalam memilih pemain di mana selain jago mereka juga kaya raya kirakira siapa saja pemain sepak ola terkaya tahun nn,"['cekizennpiala', 'dunia', 'qatar', 'semarangan', 'pilih', 'main', 'jago', 'kaya', 'raya', 'kirakira', 'main', 'sepak', 'ola', 'kaya', 'nn']",-3,negative
2022-11-29 11:06:53,0,0,1597547642221125632,taejaeyu,leih milih nganggur dan nonton piala dunia nder jonya nyicil individu nder,"['leih', 'milih', 'nganggur', 'nonton', 'piala', 'dunia', 'nder', 'jonya', 'nyicil', 'individu', 'nder']",-6,negative
2022-11-29 11:06:51,0,1,1597547634511990784,ezrareyhan,persaingan grup c ketat egini skenario argentina lolos  esar piala dunia,"['saing', 'grup', 'c', 'ketat', 'egini', 'skenario', 'argentina', 'lolos', 'esar', 'piala', 'dunia']",-12,negative
2022-11-29 11:06:36,0,1,1597547571828121601,ezrareyhan,grup e piala dunia  jadi neraka sejak awal amp erjalan tak terduga siapa akal lolos,"['grup', 'e', 'piala', 'dunia', 'neraka', 'amp', 'erjalan', 'duga', 'akal', 'lolos']",-12,negative
2022-11-29 11:06:19,0,0,1597547500579491840,AriPasaran,pdahal sudah jadi maskot piala dunia qatar,"['pdahal', 'maskot', 'piala', 'dunia', 'qatar']",-1,negative
2022-11-29 11:06:15,0,0,1597547482476867584,KangAnfield8,seriea fifa makin kayanharga dan gaji pemain melamungnsementara klu semakin pusingnnalasan kuat fsg sama glazer outnolahraga ola untungnya sedikit nnfifa harusnya mikir ngurusin piala dunia trooosss,"['seriea', 'fifa', 'kayanharga', 'gaji', 'main', 'melamungnsementara', 'klu', 'pusingnnalasan', 'kuat', 'fsg', 'glazer', 'outnolahraga', 'ola', 'untung', 'nnfifa', 'mikir', 'ngurusin', 'piala', 'dunia', 'trooosss']",1,positive
2022-11-29 11:06:15,0,0,1597547481684152322,diana_soraya5,nikmati onus new memer sportsook xfxfxxa nhanya di agen ola piala dunia soet onus teresar  di ietnxfxfxxxfxfxxn infoxfxfxx whatsapp,"['nikmat', 'onus', 'new', 'per', 'sportsook', 'xfxfxxa', 'nhanya', 'agen', 'ola', 'piala', 'dunia', 'soet', 'onus', 'teresar', 'ietnxfxfxxxfxfxxn', 'infoxfxfxx', 'whatsapp']",-1,negative
2022-11-29 11:06:07,0,0,1597547449572556801,kompasiana,world cup qentir  metode keledai dan tim sepakola piala dunia qatar,"['world', 'cup', 'qentir', 'metode', 'keledai', 'tim', 'sepakola', 'piala', 'dunia', 'qatar']",-10,negative
2022-11-29 11:06:07,0,0,1597547447634776064,andrianabdullll,optimis portugal juara piala duniaxfxfxx,"['optimis', 'portugal', 'juara', 'piala', 'duniaxfxfxx']",0,neutral
2022-11-29 11:05:29,0,1,1597547289840873473,grodog,xcxlplermagronen menu khas swiss xfxfxxaxfxfxxadnnmakaroni yang erpadu dengan kentang potong dadu ditamah gurihnya saus kejunnmauxexxa,"['xcxlplermagronen', 'menu', 'khas', 'swiss', 'xfxfxxaxfxfxxadnnmakaroni', 'erpadu', 'kentang', 'potong', 'dadu', 'tamah', 'gurih', 'saus', 'kejunnmauxexxa']",3,positive
2022-11-29 11:05:11,3,0,1597547213542285312,tvOneNews,profil nathan ake ek man city yang jadi tandem van dijk kawal pertahanan elanda di piala dunia,"['profil', 'nathan', 'ake', 'ek', 'man', 'city', 'tandem', 'van', 'dijk', 'kawal', 'tahan', 'elanda', 'piala', 'dunia']",-4,negative
2022-11-29 11:05:03,2,0,1597547178989596672,tvOneNews,prediksi wales vs inggris di piala dunia  rivalitas erumur ratusan tahun,"['prediksi', 'wales', 'vs', 'inggris', 'piala', 'dunia', 'rivalitas', 'erumur', 'ratus']",1,positive
2022-11-29 11:04:37,0,0,1597547072248770562,LigaKembar777,live streaming piala dunia  kemargoal nlink gt  sampai ketinggalan keseruan piala dunia npasang tim jagoan di  n   ella  juventus kudus dalot poga kiky saputri tempur chiesa got,"['live', 'streaming', 'piala', 'dunia', 'kemargoal', 'nlink', 'gt', 'tinggal', 'seru', 'piala', 'dunia', 'npasang', 'tim', 'jago', 'n', 'ella', 'juventus', 'kudus', 'dalot', 'poga', 'kiky', 'saputri', 'tempur', 'chiesa', 'got']",-1,negative
2022-11-29 11:04:36,0,0,1597547068813631488,stefanjosia19,mirip gol sundulan angin muller vs argentina di piala dunia  sih mnrt guekalo muller kena jamulnya xfxfxx,"['gol', 'sundul', 'angin', 'muller', 'vs', 'argentina', 'piala', 'dunia', 'sih', 'mnrt', 'guekalo', 'muller', 'kena', 'jamulnya', 'xfxfxx']",-1,negative
2022-11-29 11:04:36,0,0,1597547065856299011,Taeminiwinnie,mileapo nonton piala dunia gak ya n  n  nxexxaxexxxexxaxexxadxexxxexxxexx,"['mileapo', 'nonton', 'piala', 'dunia', 'gak', 'ya', 'n', 'n', 'nxexxaxexxxexxaxexxadxexxxexxxexx']",3,positive
2022-11-29 11:04:34,0,0,1597547058650845185,diana_soraya5,nikmati onus new memer sportsook xfxfxxa nngaung di agen ola piala dunia soet onus teresar di nxfxfxxxfxfxxn infoxfxfxx whatsapp,"['nikmat', 'onus', 'new', 'per', 'sportsook', 'xfxfxxa', 'nngaung', 'agen', 'ola', 'piala', 'dunia', 'soet', 'onus', 'teresar', 'nxfxfxxxfxfxxn', 'infoxfxfxx', 'whatsapp']",-1,negative
2022-11-29 11:04:32,0,0,1597547051788955648,bolatimesdotcom,link live streaming wales vs inggris di piala dunia  rau dini hari,"['link', 'live', 'streaming', 'wales', 'vs', 'inggris', 'piala', 'dunia', 'rau']",2,positive
2022-11-29 11:04:22,0,0,1597547010705723394,iqbalrizfi,qatar sempat curhat ke cak imin soal gelaran piala dunia yang jadi sorotan karena eerapa aturan nn,"['qatar', 'curhat', 'cak', 'imin', 'gelar', 'piala', 'dunia', 'sorot', 'eerapa', 'atur', 'nn']",0,neutral
